sample	total_cell_count
12A	893299859.6080451
12B	759457406.5306439
12C	770429410.8354282
